Workbook

Sheet EMPLOYEES
A1: Technician | B1: SPL | C1: Ops Head
A2: 1.10 Tangsel Abdul Gapur | B2: 1.9 SPL Tangerang Iqbal haris | C2: Tomi Bustami
A3: 1.10 Tangsel Dedikairullah | B3: 1.9 SPL Tangerang Iqbal haris | C3: Tomi Bustami
A4: 1.10 Tangsel Deni Maulana | B4: 1.9 SPL Tangerang Iqbal haris | C4: Tomi Bustami
A5: 1.10 Tangsel Herman Indra | B5: 1.9 SPL Tangerang Iqbal haris | C5: Tomi Bustami
A6: 1.10 Tangsel Miftahudin | B6: 1.9 SPL Tangerang Iqbal haris | C6: Tomi Bustami
A7: 1.11 Inhouse Cideng Arief Budi | B7: 1.11 SPL Jakpus Andi Setiawan | C7: Tomi Bustami
A8: 1.11 Inhouse Jakbar Sanjani | B8: 1.11 SPL Jakpus Andi Setiawan | C8: Tomi Bustami
A9: 1.11 Jakbar Adib Rahmat | B9: 1.11 SPL Jakpus Andi Setiawan | C9: Tomi Bustami
A10: 1.11 Jakbar Agustian | B10: 1.11 SPL Jakpus Andi Setiawan | C10: Tomi Bustami
A11: 1.11 Jakbar Akmal | B11: 1.11 SPL Jakpus Andi Setiawan | C11: Tomi Bustami
A12: 1.11 Jakbar Ferdian | B12: 1.11 SPL Jakpus Andi Setiawan | C12: Tomi Bustami
... A323: Tes Dev Mfjr | B323: 1 | C323: N/A

Sheet MASTER
A1: Start Followed Up at | B1: End of Followed Up | C1: Followed Up (Time) | D1: Date in Dashboard | E1: Date in Dashboard (dd-mm-yyyy) | F1: TA | G1: Email TA | H1: Technician | I1: SPL | J1: Head | K1: WO Number | L1: SPK Number | M1: Type | N1: Type2 | O1: SLA Deadline | P1: TID | Q1: Reason Code | R1: Case in Technician | S1: Problem | T1: Activity | U1: TA Remark (During Deletion) | V1: TA Feedback
A2: 2025-06-02 21:24:02 | B2: 2025-06-02 22:24:38 | C2: 01:00:36 | D2: N/A | E2: N/A | F2: Admin RM Dev Ipal | G2: desta@smartwebindonesia.com | H2: 20251104002 | I2: =IFERROR(VLOOKUP(G2, EMPLOYEES!A:C, 2, FALSE), "N/A") | J2: =IFERROR(VLOOKUP(G2, EMPLOYEES!A:C, 3, FALSE), "N/A") | K2: MTI-000110695 | L2: Tes Longlat3 | M2: Preventive Maintenance | N2: Tes Longlat3 (#2258490) | O2: 2025-05-31 16:59:59 | P2: 3333 | Q2: [A00] Done | R2: error | S2: errors:'Jarak terlalu jauh dengan merchant' | T2: edit | U2: N/A | V2: N/A
A3: 2025-06-02 21:24:02 | B3: 2025-06-02 22:24:38 | C3: 01:00:36 | D3: N/A | E3: N/A | F3: Admin RM Dev Ipal | G3: desta@smartwebindonesia.com | H3: John Doe | I3: =IFERROR(VLOOKUP(G3, EMPLOYEES!A:C, 2, FALSE), "N/A") | J3: =IFERROR(VLOOKUP(G3, EMPLOYEES!A:C, 3, FALSE), "N/A") | K3: MTI-000110695 | L3: Tes Longlat3 | M3: Preventive Maintenance | N3: Tes Longlat3 (#2258490) | O3: 2025-05-31 16:59:59 | P3: 3333 | Q3: [A00] Done | R3: error | S3: errors:'Jarak terlalu jauh dengan merchant' | T3: edit | U3: N/A | V3: N/A
A4: 2025-06-02 21:24:02 | B4: 2025-06-02 22:24:38 | C4: 01:00:36 | D4: N/A | E4: N/A | F4: Admin RM Dev Ipal | G4: desta@smartwebindonesia.com | H4: Nina Zed | I4: =IFERROR(VLOOKUP(G4, EMPLOYEES!A:C, 2, FALSE), "N/A") | J4: =IFERROR(VLOOKUP(G4, EMPLOYEES!A:C, 3, FALSE), "N/A") | K4: MTI-000110695 | L4: Tes Longlat3 | M4: Preventive Maintenance | N4: Tes Longlat3 (#2258490) | O4: 2025-05-31 16:59:59 | P4: 3333 | Q4: [A00] Done | R4: error | S4: errors:'Jarak terlalu jauh dengan merchant' | T4: edit | U4: N/A | V4: N/A
A5: 2025-06-02 21:24:02 | B5: 2025-06-02 22:24:38 | C5: 01:00:36 | D5: N/A | E5: N/A | F5: Admin RM Dev Ipal | G5: desta@smartwebindonesia.com | H5: Anna Bell | I5: =IFERROR(VLOOKUP(G5, EMPLOYEES!A:C, 2, FALSE), "N/A") | J5: =IFERROR(VLOOKUP(G5, EMPLOYEES!A:C, 3, FALSE), "N/A") | K5: MTI-000110695 | L5: Tes Longlat3 | M5: Preventive Maintenance | N5: Tes Longlat3 (#2258490) | O5: 2025-05-31 16:59:59 | P5: 3333 | Q5: [A00] Done | R5: error | S5: errors:'Jarak terlalu jauh dengan merchant' | T5: edit | U5: N/A | V5: N/A
A6: 2025-06-02 21:24:02 | B6: 2025-06-02 22:24:38 | C6: 01:00:36 | D6: N/A | E6: N/A | F6: Admin RM Dev Ipal | G6: desta@smartwebindonesia.com | H6: Jane Smith | I6: =IFERROR(VLOOKUP(G6, EMPLOYEES!A:C, 2, FALSE), "N/A") | J6: =IFERROR(VLOOKUP(G6, EMPLOYEES!A:C, 3, FALSE), "N/A") | K6: MTI-000110695 | L6: Tes Longlat3 | M6: Preventive Maintenance | N6: Tes Longlat3 (#2258490) | O6: 2025-05-31 16:59:59 | P6: 3333 | Q6: [A00] Done | R6: error | S6: errors:'Jarak terlalu jauh dengan merchant' | T6: edit | U6: N/A | V6: N/A
A7: 2025-06-02 21:24:02 | B7: 2025-06-02 22:24:38 | C7: 01:00:36 | D7: N/A | E7: N/A | F7: Admin RM Dev Ipal | G7: desta@smartwebindonesia.com | H7: James Khoo | I7: =IFERROR(VLOOKUP(G7, EMPLOYEES!A:C, 2, FALSE), "N/A") | J7: =IFERROR(VLOOKUP(G7, EMPLOYEES!A:C, 3, FALSE), "N/A") | K7: MTI-000110695 | L7: Tes Longlat3 | M7: Preventive Maintenance | N7: Tes Longlat3 (#2258490) | O7: 2025-05-31 16:59:59 | P7: 3333 | Q7: [A00] Done | R7: error | S7: errors:'Jarak terlalu jauh dengan merchant' | T7: edit | U7: N/A | V7: N/A
A8: 2025-06-02 21:24:02 | B8: 2025-06-02 22:24:38 | C8: 01:00:36 | D8: N/A | E8: N/A | F8: Admin RM Dev Ipal | G8: desta@smartwebindonesia.com | H8: Linda Park | I8: =IFERROR(VLOOKUP(G8, EMPLOYEES!A:C, 2, FALSE), "N/A") | J8: =IFERROR(VLOOKUP(G8, EMPLOYEES!A:C, 3, FALSE), "N/A") | K8: MTI-000110695 | L8: Tes Longlat3 | M8: Preventive Maintenance | N8: Tes Longlat3 (#2258490) | O8: 2025-05-31 16:59:59 | P8: 3333 | Q8: [A00] Done | R8: error | S8: errors:'Jarak terlalu jauh dengan merchant' | T8: edit | U8: N/A | V8: N/A
A9: 2025-06-02 21:24:02 | B9: 2025-06-02 22:24:38 | C9: 01:00:36 | D9: N/A | E9: N/A | F9: Admin RM Dev Ipal | G9: desta@smartwebindonesia.com | H9: Mike Tan | I9: =IFERROR(VLOOKUP(G9, EMPLOYEES!A:C, 2, FALSE), "N/A") | J9: =IFERROR(VLOOKUP(G9, EMPLOYEES!A:C, 3, FALSE), "N/A") | K9: MTI-000110695 | L9: Tes Longlat3 | M9: Preventive Maintenance | N9: Tes Longlat3 (#2258490) | O9: 2025-05-31 16:59:59 | P9: 3333 | Q9: [A00] Done | R9: error | S9: errors:'Jarak terlalu jauh dengan merchant' | T9: edit | U9: N/A | V9: N/A
A10: 2025-06-02 21:24:02 | B10: 2025-06-02 22:24:38 | C10: 01:00:36 | D10: N/A | E10: N/A | F10: Admin RM Dev Ipal | G10: desta@smartwebindonesia.com | H10: Jane Smith | I10: =IFERROR(VLOOKUP(G10, EMPLOYEES!A:C, 2, FALSE), "N/A") | J10: =IFERROR(VLOOKUP(G10, EMPLOYEES!A:C, 3, FALSE), "N/A") | K10: MTI-000110695 | L10: Tes Longlat3 | M10: Preventive Maintenance | N10: Tes Longlat3 (#2258490) | O10: 2025-05-31 16:59:59 | P10: 3333 | Q10: [A00] Done | R10: error | S10: errors:'Jarak terlalu jauh dengan merchant' | T10: edit | U10: N/A | V10: N/A
A11: 2025-06-02 21:24:02 | B11: 2025-06-02 22:24:38 | C11: 01:00:36 | D11: N/A | E11: N/A | F11: Admin RM Dev Ipal | G11: desta@smartwebindonesia.com | H11: James Khoo | I11: =IFERROR(VLOOKUP(G11, EMPLOYEES!A:C, 2, FALSE), "N/A") | J11: =IFERROR(VLOOKUP(G11, EMPLOYEES!A:C, 3, FALSE), "N/A") | K11: MTI-000110695 | L11: Tes Longlat3 | M11: Preventive Maintenance | N11: Tes Longlat3 (#2258490) | O11: 2025-05-31 16:59:59 | P11: 3333 | Q11: [A00] Done | R11: error | S11: errors:'Jarak terlalu jauh dengan merchant' | T11: edit | U11: N/A | V11: N/A
A12: 2025-06-02 21:24:02 | B12: 2025-06-02 22:24:38 | C12: 01:00:36 | D12: N/A | E12: N/A | F12: Admin RM Dev Ipal | G12: desta@smartwebindonesia.com | H12: Nina Zed | I12: =IFERROR(VLOOKUP(G12, EMPLOYEES!A:C, 2, FALSE), "N/A") | J12: =IFERROR(VLOOKUP(G12, EMPLOYEES!A:C, 3, FALSE), "N/A") | K12: MTI-000110695 | L12: Tes Longlat3 | M12: Preventive Maintenance | N12: Tes Longlat3 (#2258490) | O12: 2025-05-31 16:59:59 | P12: 3333 | Q12: [A00] Done | R12: error | S12: errors:'Jarak terlalu jauh dengan merchant' | T12: edit | U12: N/A | V12: N/A
A13: 2025-06-02 21:24:02 | B13: 2025-06-02 22:24:38 | C13: 01:00:36 | D13: N/A | E13: N/A | F13: Admin RM Dev Ipal | G13: desta@smartwebindonesia.com | H13: Mike Tan | I13: =IFERROR(VLOOKUP(G13, EMPLOYEES!A:C, 2, FALSE), "N/A") | J13: =IFERROR(VLOOKUP(G13, EMPLOYEES!A:C, 3, FALSE), "N/A") | K13: MTI-000110695 | L13: Tes Longlat3 | M13: Preventive Maintenance | N13: Tes Longlat3 (#2258490) | O13: 2025-05-31 16:59:59 | P13: 3333 | Q13: [A00] Done | R13: error | S13: errors:'Jarak terlalu jauh dengan merchant' | T13: edit | U13: N/A | V13: N/A
... A106: 2025-06-11 22:55:15 | B106: 2025-06-11 22:57:13 | C106: 00:01:58 | D106: 2025-06-11 14:42:02 | E106: 11-06-2025 | F106: Admin RM Dev Ipal | G106: desta@smartwebindonesia.com | H106: Tes Dev Mfjr Rawamangun | I106: =IFERROR(VLOOKUP(G106, EMPLOYEES!A:C, 2, FALSE), "N/A") | J106: =IFERROR(VLOOKUP(G106, EMPLOYEES!A:C, 3, FALSE), "N/A") | K106: MTI-000111569 | L106: Tess PM664 | M106: Preventive Maintenance | N106: MTI Preventive Maintenance | O106: 2025-05-31 23:59:59 | P106: MTI | Q106: [A00] Done | R106: error | S106: errors:Foto EDC Bermasalah | T106: edit | U106: N/A | V106: Administrator - test12312312312312312

Sheet Monthly PIVOT (Tech Mismatch)
A1: *Note: Please select Activity = edit and use 'Date in Dashboard' to filter by the desired date. You can select a date to view the count of technician work mismatches.
